<?xml version="1.0" encoding="UTF-8"?>
<project-private xmlns="http://www.netbeans.org/ns/project-private/1">
    <editor-bookmarks xmlns="http://www.netbeans.org/ns/editor-bookmarks/2" lastBookmarkId="0"/>
    <open-files xmlns="http://www.netbeans.org/ns/projectui-open-files/2">
        <group>
            <file>file:/F:/Project%20Kuliah/NetBeansProjects/rsbk_uas/src/rsbk_uas/Rsbk_uas.java</file>
            <file>file:/F:/Project%20Kuliah/NetBeansProjects/rsbk_uas/src/rsbk_uas/question.java</file>
            <file>file:/F:/Project%20Kuliah/NetBeansProjects/rsbk_uas/src/rsbk_uas/main.java</file>
            <file>file:/F:/Project%20Kuliah/NetBeansProjects/rsbk_uas/src/rsbk_uas/AboutView.java</file>
            <file>file:/F:/Project%20Kuliah/NetBeansProjects/rsbk_uas/src/rsbk_uas/kesimpulan.java</file>
        </group>
    </open-files>
</project-private>
